{
  "original": {
    "UNet": {
      "train_losses": [
        1.7589852574430866,
        1.4442082349164986,
        1.1879121742130798,
        0.9936173300684235,
        0.8662661968925853,
        0.7783307278597796,
        0.710792280273673,
        0.6707665773085606,
        0.6259605288505554,
        0.5972779165079565,
        0.5653581420580546,
        0.545672838334684,
        0.5242507987552218,
        0.515779835206491,
        0.5013065352851962,
        0.4874144443023352,
        0.48145046094317495,
        0.4738567626034772,
        0.46479974190394086,
        0.4619526572433519,
        0.4572178066512685,
        0.45213230414155087,
        0.45374041501386664,
        0.45121692728113244,
        0.4460872827488699,
        0.444923335387383,
        0.44606408035313644,
        0.4423039879327939,
        0.4448251783111949,
        0.4439353545506795
      ],
      "val_dices": [
        0.31243443489074707,
        0.06066956743597984,
        0.684143602848053,
        0.7513989210128784,
        0.5562189817428589,
        0.6372816562652588,
        0.686913788318634,
        0.8001347780227661,
        0.8319786787033081,
        0.8172683715820312
      ],
      "best_dice": 0.8319786787033081
    },
    "SegResNet": {
      "train_losses": [
        0.8958836948430097,
        0.8120975369288598,
        0.7432986600899402,
        0.6913120746612549,
        0.6486562372725687,
        0.606812106974331,
        0.592610877973062,
        0.5763293615093937,
        0.5417609189027621,
        0.5226851333806544,
        0.5188171458833012,
        0.500224142898748,
        0.48025934159019845,
        0.47105797978095065,
        0.4625257459687598,
        0.4595014953318937,
        0.4545471127386446,
        0.44941010960826167,
        0.4470793744664133,
        0.44221466890087835,
        0.442896075454759,
        0.44237080106028803,
        0.441915656681414,
        0.43117945429719523,
        0.43314183678156065,
        0.42988944826302705,
        0.4275543689727783,
        0.42970427686785473,
        0.4319910837544335,
        0.42431936514230423
      ],
      "val_dices": [
        0.6168439388275146,
        0.7386942505836487,
        0.7835461497306824,
        0.8080614805221558,
        0.8577930331230164,
        0.860368013381958,
        0.8297877907752991,
        0.883447527885437,
        0.882920503616333,
        0.8829800486564636
      ],
      "best_dice": 0.883447527885437
    },
    "SwinUNETR": {
      "train_losses": [
        1.2309530392105197,
        0.9432437022527059,
        0.8401514424218072,
        0.7656582748448407,
        0.7237546296767247,
        0.6753798767372414,
        0.635075260091711,
        0.6048871462727771,
        0.5769431660940618,
        0.5532664480032744,
        0.533538160500703,
        0.5130840587763139,
        0.5023054583573047,
        0.489823740205647,
        0.48132845722598794,
        0.4751562649085198,
        0.46791276961197087,
        0.45857314084783013,
        0.4544306934615712,
        0.45078621675938735,
        0.4471325793384034,
        0.442045193027567,
        0.4466651413175795,
        0.4411949982613693,
        0.4383168812887168,
        0.4336454846240856,
        0.4340672974969134,
        0.4341228144404329,
        0.4306172588725149,
        0.4314462656592145
      ],
      "val_dices": [
        0.731848955154419,
        0.7752488255500793,
        0.8242742419242859,
        0.8459376096725464,
        0.8645394444465637,
        0.8668937683105469,
        0.8835594654083252,
        0.8809614181518555,
        0.8843949437141418,
        0.8853437900543213
      ],
      "best_dice": 0.8853437900543213
    },
    "VNet": {
      "train_losses": [
        1.6623461143470104,
        1.6151011990912167,
        1.5848251875535941,
        1.5586447185940213,
        1.5339869952496188,
        1.5150996740953422,
        1.4935470319088595,
        1.4725743532180786,
        1.4531607068615195,
        1.4335080812006822,
        1.4153294563293457,
        1.3964867532989125,
        1.3812627218387745,
        1.3646797530445052,
        1.352345222308312,
        1.3429458965489893,
        1.3320074051986506,
        1.3199036474581118,
        1.312143960116822,
        1.3036690611898163,
        1.297430004602597,
        1.2914337596775574,
        1.2866515141946298,
        1.2821359781571378,
        1.2773143229661164,
        1.2798369151574593,
        1.27636366420322,
        1.2778740223543144,
        1.2774986381883975,
        1.2735832296771767
      ],
      "val_dices": [
        0.17417609691619873,
        0.44598662853240967,
        0.2777857184410095,
        0.2093719094991684,
        0.060431983321905136,
        0.34698402881622314,
        0.5581793189048767,
        0.5151687860488892,
        0.48094961047172546,
        0.4760870337486267
      ],
      "best_dice": 0.5581793189048767
    }
  },
  "enhanced": {
    "UNet": {
      "train_losses": [
        1.7582135612581984,
        1.4354409759427293,
        1.1721594701578588,
        0.9785572857032587,
        0.8538964479057877,
        0.764249277703556,
        0.7015631633040346,
        0.6503915779384566,
        0.612295835842321,
        0.5833622496805073,
        0.5609378630732312,
        0.5382146198808411,
        0.5161706448337178,
        0.5006393801282953,
        0.4967935449547238,
        0.4802036303796886,
        0.4766767970573755,
        0.4690524464772071,
        0.4614528332963402,
        0.45557202785103407,
        0.45500350108853094,
        0.4473492506845498,
        0.4488877028594782,
        0.44353427710356536,
        0.4450750067646121,
        0.43934925949132003,
        0.4412049849828084,
        0.438767616763527,
        0.4370780149359762,
        0.4382435605849749
      ],
      "val_dices": [
        0.40456071496009827,
        0.707766592502594,
        0.6641576290130615,
        0.6447818279266357,
        0.7738112807273865,
        0.7912554740905762,
        0.7858415246009827,
        0.7991712093353271,
        0.8009452223777771,
        0.798810601234436
      ],
      "best_dice": 0.8009452223777771
    },
    "SegResNet": {
      "train_losses": [
        0.8852134435265152,
        0.7883020617343761,
        0.7185744790383327,
        0.6684158319308434,
        0.6421021774963096,
        0.59239955301638,
        0.5651283396614922,
        0.5557829130578924,
        0.5351921555436687,
        0.5221939443806072,
        0.5041625852938052,
        0.49601296215881535,
        0.47633861207667694,
        0.47290284986849185,
        0.46883245677123836,
        0.4750872066727391,
        0.45735559272177423,
        0.45307154052051496,
        0.4488607140970819,
        0.44352086127540213,
        0.4394962614701118,
        0.4369985148494626,
        0.43267395430141026,
        0.437735860362465,
        0.4371653824676702,
        0.4271949897577733,
        0.4352578082938253,
        0.4331570628248615,
        0.4282461526217284,
        0.43213791648546857
      ],
      "val_dices": [
        0.6103676557540894,
        0.7613787055015564,
        0.7978293895721436,
        0.8451355695724487,
        0.8161508440971375,
        0.8559807538986206,
        0.8691565990447998,
        0.878867506980896,
        0.8800222873687744,
        0.8812788724899292
      ],
      "best_dice": 0.8812788724899292
    },